{"cameraMode":{"drawMode":0,"name":"Shaded","section":"Shading Mode"},"sceneLighting":true,"audioPlay":false,"sceneViewState":{"m_AlwaysRefresh":false,"showFog":true,"showSkybox":true,"showFlares":true,"showImageEffects":true,"showParticleSystems":true,"showVisualEffectGraphs":true,"m_FxEnabled":true},"in2DMode":false,"pivot":{"x":-56.607208251953128,"y":26.799999237060548,"z":3764.78955078125},"rotation":{"x":0.09615744650363922,"y":0.023590222001075746,"z":-0.002119143959134817,"w":0.9952632188796997},"size":83.26737213134766,"orthographic":false}